{
  "system": "87Rb BEC",
  "Lambda_c_um": 0.45413379647902574,
  "R_z_um": 1.818830520341692,
  "R_r_um": 5.19665862954769,
  "Lambda_um": 3.6622405770985544,
  "kappa": 0.8064232623716866,
  "kappa_uncertainty": 0.22464352628132747,
  "A": 2000,
  "A_c": 20000,
  "tau": 1.0,
  "interpretation": "Critical"
}