{
  "system": "87Rb BEC",
  "Lambda_c_um": 0.45413379647902574,
  "R_z_um": 1.788184163769183,
  "R_r_um": 5.109097610769094,
  "Lambda_um": 3.6005337114368836,
  "kappa": 0.7928354461509837,
  "kappa_uncertainty": 0.22085839867810805,
  "A": 2000,
  "A_c": 20000,
  "tau": 1.0,
  "interpretation": "Critical"
}