system,Lambda_c_um,R_z_um,R_r_um,Lambda_um,kappa,kappa_uncertainty,A,A_c,tau,interpretation
87Rb BEC,0.45413379647902574,1.788184163769183,5.109097610769094,3.6005337114368836,0.7928354461509837,0.22085839867810805,2000,20000,1.0,Critical
